Year,Yearly_Ranking,Title,Studio,Total_Gross,Number_of_Theaters,Opening_Gross,Number_of_Opening_Theaters,Open_Date,End_Date,Running time,Genre,Rating
2013,1,The Hunger Games: Catching Fire,LGF,"$424,668,047 ","4,163","$158,074,286 ","4,163",11月22日,4月3日,2 hrs. 26 min.,Action / Adventure,PG-13
2013,2,Iron Man 3,BV,"$409,013,994 ","4,253","$174,144,585 ","4,253",5月3日,9月12日,2 hrs. 9 min.,Action / Adventure,PG-13
2013,3,Frozen,BV,"$400,738,009 ","3,742","$243,390 ",1,11月22日,7月17日,1 hrs. 48 min.,Animation,PG
2013,4,Despicable Me 2,Uni.,"$368,061,265 ","4,003","$83,517,315 ","3,997",7月3日,1月16日,1 hrs. 38 min.,Animation,PG
2013,5,Man of Steel,WB,"$291,045,518 ","4,207","$116,619,362 ","4,207",6月14日,9月19日,2 hrs. 23 min.,Action / Adventure,PG-13
2013,6,Gravity,WB,"$274,092,705 ","3,820","$55,785,112 ","3,575",10月4日,5月8日,1 hrs. 31 min.,Sci-Fi Thriller,PG-13
2013,7,Monsters University,BV,"$268,492,764 ","4,004","$82,429,469 ","4,004",6月21日,12月19日,1 hrs. 47 min.,Animation,G
2013,8,The Hobbit: The Desolation of Smaug,WB (NL),"$258,366,855 ","3,928","$73,645,197 ","3,903",12月13日,4月17日,2 hrs. 41 min.,Fantasy,PG-13
2013,9,Fast & Furious 6,Uni.,"$238,679,850 ","3,771","$97,375,245 ","3,658",5月24日,9月5日,2 hrs. 10 min.,Action,PG-13
2013,10,Oz The Great and Powerful,BV,"$234,911,825 ","3,912","$79,110,453 ","3,912",3月8日,7月18日,2 hrs. 7 min.,Adventure,PG
2013,11,Star Trek Into Darkness,Par.,"$228,778,661 ","3,907","$70,165,559 ","3,868",5月16日,9月12日,2 hrs. 3 min.,Sci-Fi Adventure,PG-13
2013,12,Thor: The Dark World,BV,"$206,362,140 ","3,841","$85,737,841 ","3,841",11月8日,4月17日,2 hrs. 0 min.,Action / Adventure,PG-13
2013,13,World War Z,Par.,"$202,359,711 ","3,607","$66,411,834 ","3,607",6月21日,10月10日,1 hrs. 56 min.,Action Horror,PG-13
2013,14,The Croods,Fox,"$187,168,425 ","4,065","$43,639,736 ","4,046",3月22日,9月19日,1 hrs. 38 min.,Animation,PG
2013,15,The Heat,Fox,"$159,582,188 ","3,184","$39,115,043 ","3,181",6月28日,12月12日,1 hrs. 57 min.,Comedy,R
2013,16,We're the Millers,WB (NL),"$150,394,119 ","3,445","$26,419,396 ","3,260",8月7日,12月5日,1 hrs. 50 min.,Comedy,R
2013,17,American Hustle,Sony,"$150,117,807 ","2,629","$740,455 ",6,12月13日,4月6日,2 hrs. 18 min.,Drama,R
2013,18,The Great Gatsby (2013),WB,"$144,840,419 ","3,550","$50,085,185 ","3,535",5月10日,8月22日,2 hrs. 23 min.,Drama,PG-13
2013,19,The Conjuring,WB (NL),"$137,400,141 ","3,115","$41,855,326 ","2,903",7月19日,10月31日,1 hrs. 52 min.,Horror,R
2013,20,Identity Thief,Uni.,"$134,506,920 ","3,230","$34,551,025 ","3,141",2月8日,6月6日,1 hrs. 51 min.,Comedy,R
2013,21,Grown Ups 2,Sony,"$133,668,525 ","3,491","$41,508,572 ","3,491",7月12日,11月17日,1 hrs. 41 min.,Comedy,PG-13
2013,22,The Wolverine,Fox,"$132,556,852 ","3,924","$53,113,752 ","3,924",7月26日,12月5日,2 hrs. 6 min.,Action,PG-13
2013,23,Anchorman 2: The Legend Continues,Par.,"$125,168,368 ","3,507","$26,232,425 ","3,507",12月18日,2月20日,1 hrs. 59 min.,Comedy,PG-13
2013,24,Lone Survivor,Uni.,"$125,095,601 ","3,285","$90,872 ",2,12月25日,4月10日,2 hrs. 1 min.,Action Drama,R
2013,25,G.I. Joe: Retaliation,Par.,"$122,523,060 ","3,734","$40,501,814 ","3,719",3月28日,7月18日,1 hrs. 39 min.,Action,PG-13
2013,26,Cloudy with a Chance of Meatballs 2,Sony,"$119,793,567 ","4,001","$34,017,930 ","4,001",9月27日,3月16日,1 hrs. 35 min.,Animation,PG
2013,27,Now You See Me,LG/S,"$117,723,989 ","3,082","$29,350,389 ","2,925",5月31日,9月26日,1 hrs. 56 min.,Thriller,PG-13
2013,28,The Wolf of Wall Street,Par.,"$116,900,694 ","2,557","$18,361,578 ","2,537",12月25日,4月3日,3 hrs. 0 min.,Drama,R
2013,29,Lee Daniels' The Butler,Wein.,"$116,632,095 ","3,330","$24,637,312 ","2,933",8月16日,2月13日,2 hrs. 12 min.,Drama,PG-13
2013,30,The Hangover Part III,WB,"$112,200,072 ","3,565","$41,671,198 ","3,555",5月23日,8月15日,1 hrs. 40 min.,Comedy,R
2013,31,Epic,Fox,"$107,518,682 ","3,894","$33,531,068 ","3,882",5月24日,9月19日,1 hrs. 42 min.,Animation,PG
2013,32,Captain Phillips,Sony,"$107,100,855 ","3,143","$25,718,314 ","3,020",10月11日,3月2日,2 hrs. 14 min.,Drama,PG-13
2013,33,Jackass Presents: Bad Grandpa,Par.,"$102,003,019 ","3,345","$32,055,177 ","3,336",10月25日,1月23日,1 hrs. 33 min.,Comedy,R
2013,34,Pacific Rim,WB,"$101,802,906 ","3,285","$37,285,325 ","3,275",7月12日,10月17日,2 hrs. 11 min.,Sci-Fi Action,PG-13
2013,35,This is the End,Sony,"$101,470,202 ","3,055","$20,719,162 ","3,055",6月12日,10月6日,1 hrs. 47 min.,Comedy,R
2013,36,Olympus Has Fallen,FD,"$98,925,640 ","3,106","$30,373,794 ","3,098",3月22日,7月11日,2 hrs. 0 min.,Thriller,R
2013,37,42,WB,"$95,020,213 ","3,405","$27,487,144 ","3,003",4月12日,7月25日,2 hrs. 8 min.,Sports Drama,PG-13
2013,38,Elysium,TriS,"$93,050,117 ","3,284","$29,807,393 ","3,284",8月9日,11月24日,1 hrs. 49 min.,Sci-Fi,R
2013,39,Planes,BV,"$90,288,712 ","3,716","$22,232,291 ","3,702",8月9日,12月19日,1 hrs. 32 min.,Animation,PG
2013,40,The Lone Ranger,BV,"$89,302,115 ","3,904","$29,210,849 ","3,904",7月3日,10月10日,2 hrs. 29 min.,Western,PG-13
2013,41,Oblivion,Uni.,"$89,107,235 ","3,792","$37,054,485 ","3,783",4月19日,6月27日,2 hrs. 5 min.,Sci-Fi Adventure,PG-13
2013,42,Insidious Chapter 2,FD,"$83,586,447 ","3,155","$40,272,103 ","3,049",9月13日,12月19日,1 hrs. 45 min.,Horror,PG-13
2013,43,Saving Mr. Banks,BV,"$83,301,580 ","2,671","$413,373 ",15,12月13日,4月17日,2 hrs. 0 min.,Drama,PG-13
2013,44,Turbo,Fox,"$83,028,128 ","3,809","$21,312,625 ","3,806",7月17日,12月12日,1 hrs. 36 min.,Animation,PG
2013,45,2 Guns,Uni.,"$75,612,460 ","3,028","$27,059,130 ","3,025",8月2日,10月24日,1 hrs. 49 min.,Action Comedy,R
2013,46,White House Down,Sony,"$73,103,784 ","3,222","$24,852,258 ","3,222",6月28日,9月15日,2 hrs. 17 min.,Action Drama,PG-13
2013,47,Mama,Uni.,"$71,628,180 ","2,781","$28,402,310 ","2,647",1月18日,4月4日,1 hrs. 40 min.,Horror,PG-13
2013,48,Safe Haven,Rela.,"$71,349,120 ","3,223","$21,401,594 ","3,223",2月14日,5月30日,1 hrs. 55 min.,Romance,PG-13
2013,49,The Smurfs 2,Sony,"$71,017,784 ","3,867","$17,548,389 ","3,866",7月31日,11月17日,1 hrs. 45 min.,Family Comedy,PG
2013,50,The Best Man Holiday,Uni.,"$70,525,195 ","2,041","$30,107,555 ","2,024",11月15日,1月9日,2 hrs. 2 min.,Comedy / Drama,R
2013,51,Percy Jackson: Sea of Monsters,Fox,"$68,559,554 ","3,080","$14,401,054 ","3,031",8月7日,1月30日,1 hrs. 46 min.,Fantasy,PG
2013,52,A Good Day to Die Hard,Fox,"$67,349,198 ","3,555","$24,834,845 ","3,553",2月14日,5月23日,1 hrs. 37 min.,Action,R
2013,53,Warm Bodies,LG/S,"$66,380,662 ","3,009","$20,353,967 ","3,009",2月1日,5月9日,1 hrs. 37 min.,Drama,PG-13
2013,54,Jack the Giant Slayer,WB (NL),"$65,187,603 ","3,525","$27,202,226 ","3,525",3月1日,6月13日,1 hrs. 54 min.,Adventure,PG-13
2013,55,The Purge,Uni.,"$64,473,115 ","2,591","$34,058,360 ","2,536",6月7日,8月8日,1 hrs. 25 min.,Thriller,R
2013,56,Last Vegas,CBS,"$63,914,167 ","3,237","$16,334,566 ","3,065",11月1日,2月20日,1 hrs. 30 min.,Comedy,PG-13
2013,57,Ender's Game,LG/S,"$61,737,191 ","3,407","$27,017,351 ","3,407",11月1日,1月9日,1 hrs. 54 min.,Sci-Fi,PG-13
2013,58,Prisoners,WB,"$61,002,302 ","3,290","$20,817,053 ","3,260",9月20日,12月5日,2 hrs. 26 min.,Action Thriller,R
2013,59,After Earth,Sony,"$60,522,097 ","3,401","$27,520,040 ","3,401",5月31日,8月18日,1 hrs. 40 min.,Sci-Fi,PG-13
2013,60,The Secret Life of Walter Mitty,Fox,"$58,236,838 ","2,922","$12,765,508 ","2,909",12月25日,4月10日,1 hrs. 54 min.,Comedy,PG
2013,61,Escape From Planet Earth,Wein.,"$57,012,977 ","3,353","$15,891,055 ","3,288",2月15日,7月25日,1 hrs. 29 min.,Animation,PG
2013,62,12 Years a Slave,FoxS,"$56,671,993 ","1,474","$923,715 ",19,10月18日,5月8日,2 hrs. 13 min.,Drama,R
2013,63,Free Birds,Rela.,"$55,750,480 ","3,736","$15,805,237 ","3,736",11月1日,3月20日,1 hrs. 30 min.,Animation,PG
2013,64,Hansel and Gretel: Witch Hunters,Par.,"$55,703,475 ","3,375","$19,690,956 ","3,372",1月25日,4月25日,1 hrs. 28 min.,Action Comedy,R
2013,65,Evil Dead (2013),TriS,"$54,239,856 ","3,025","$25,775,847 ","3,025",4月5日,6月9日,1 hrs. 31 min.,Horror,R
2013,66,Red 2,LG/S,"$53,262,560 ","3,016","$18,048,422 ","3,016",7月19日,10月17日,1 hrs. 56 min.,Action Comedy,PG-13
2013,67,Tyler Perry's A Madea Christmas,LGF,"$52,543,354 ","2,194","$16,007,634 ","2,194",12月13日,2月13日,1 hrs. 45 min.,Comedy,PG-13
2013,68,Tyler Perry's Temptation: Confessions of a Marriage Counselor,LGF,"$51,975,354 ","2,047","$21,641,679 ","2,047",3月29日,5月30日,1 hrs. 51 min.,Drama,PG-13
2013,69,The Call,TriS,"$51,872,378 ","2,507","$17,118,745 ","2,507",3月15日,6月9日,1 hrs. 35 min.,Thriller,R
2013,70,Pain and Gain,Par.,"$49,875,291 ","3,303","$20,244,505 ","3,277",4月26日,8月29日,2 hrs. 9 min.,Action,R
2013,71,Gangster Squad,WB,"$46,000,903 ","3,103","$17,070,347 ","3,103",1月11日,4月4日,1 hrs. 53 min.,Crime Drama,R
2013,72,Jurassic Park 3D,Uni.,"$45,385,935 ","2,778","$18,620,145 ","2,771",4月5日,5月23日,2 hrs. 7 min.,Sci-Fi Horror,PG-13
2013,73,The Internship,Fox,"$44,672,764 ","3,399","$17,325,307 ","3,366",6月7日,9月12日,1 hrs. 59 min.,Comedy,PG-13
2013,74,Instructions Not Included,LGF,"$44,467,206 ",978,"$7,846,426 ",348,8月30日,12月12日,1 hrs. 55 min.,Foreign,PG-13
2013,75,Snitch,LG/S,"$42,930,462 ","2,511","$13,167,607 ","2,511",2月22日,5月30日,1 hrs. 52 min.,Action,PG-13
2013,76,Riddick,Uni.,"$42,025,135 ","3,117","$19,030,375 ","3,107",9月6日,10月31日,1 hrs. 59 min.,Sci-Fi Fantasy,R
2013,77,A Haunted House,ORF,"$40,041,683 ","2,160","$18,101,682 ","2,160",1月11日,3月3日,1 hrs. 20 min.,Comedy,R
2013,78,47 Ronin,Uni.,"$38,362,475 ","2,690","$9,910,310 ","2,689",12月25日,2月6日,2 hrs. 7 min.,Action Drama,PG-13
2013,79,August: Osage County,Wein.,"$37,738,810 ","2,411","$179,302 ",5,12月27日,5月8日,2 hrs. 10 min.,Comedy / Drama,R
2013,80,Philomena,Wein.,"$37,709,979 ","1,225","$128,435 ",4,11月22日,5月22日,1 hrs. 35 min.,Drama,PG-13
2013,81,The Family (2013),Rela.,"$36,918,811 ","3,091","$14,034,764 ","3,091",9月13日,1月9日,1 hrs. 52 min.,Action Comedy,R
2013,82,Walking with Dinosaurs,Fox,"$36,076,121 ","3,243","$7,091,938 ","3,231",12月20日,4月10日,1 hrs. 27 min.,Family Adventure,PG
2013,83,Carrie (2013),SGem,"$35,266,619 ","3,157","$16,101,552 ","3,157",10月18日,11月24日,1 hrs. 32 min.,Horror,R
2013,84,Texas Chainsaw 3D,LGF,"$34,341,945 ","2,659","$21,744,470 ","2,654",1月4日,2月28日,1 hrs. 32 min.,Horror,R
2013,85,R.I.P.D.,Uni.,"$33,618,855 ","2,852","$12,691,415 ","2,852",7月19日,9月26日,1 hrs. 36 min.,Action / Adventure,PG-13
2013,86,Blue Jasmine,SPC,"$33,405,481 ","1,283","$612,064 ",6,7月26日,4月3日,1 hrs. 38 min.,Comedy,PG-13
2013,87,Kevin Hart: Let Me Explain,LG/S,"$32,244,051 ",892,"$10,030,463 ",876,7月3日,8月22日,1 hrs. 15 min.,Concert,R
2013,88,Side Effects (2013),ORF,"$32,172,757 ","2,605","$9,303,145 ","2,605",2月8日,5月16日,1 hrs. 46 min.,Thriller,R
2013,89,Scary Movie 5,W/Dim.,"$32,015,787 ","3,402","$14,157,367 ","3,402",4月12日,7月25日,1 hrs. 25 min.,Comedy,PG-13
2013,90,The Mortal Instruments: City of Bones,SGem,"$31,165,421 ","3,118","$9,336,957 ","3,118",8月21日,10月6日,2 hrs. 0 min.,Fantasy Drama,PG-13
2013,91,Delivery Man,BV,"$30,664,106 ","3,036","$7,944,977 ","3,036",11月22日,3月20日,1 hrs. 45 min.,Comedy,PG-13
2013,92,Grudge Match,WB,"$29,807,260 ","2,856","$7,021,993 ","2,838",12月25日,3月13日,1 hrs. 53 min.,Sports Comedy,PG-13
2013,93,One Direction: This is Us,TriS,"$28,873,374 ","2,735","$15,815,497 ","2,735",8月30日,10月6日,1 hrs. 32 min.,Concert,PG
2013,94,Kick-Ass 2,Uni.,"$28,795,985 ","2,945","$13,332,955 ","2,940",8月16日,9月26日,1 hrs. 43 min.,Action Comedy,R
2013,95,Dallas Buyers Club,Focus,"$27,298,285 ","1,110","$260,865 ",9,11月1日,5月1日,1 hrs. 57 min.,Drama,R
2013,96,Rush (2013),Uni.,"$26,947,624 ","2,308","$187,289 ",5,9月20日,11月21日,2 hrs. 3 min.,Action Drama,R
2013,97,The Host (2013),ORF,"$26,627,201 ","3,202","$10,600,112 ","3,202",3月29日,5月30日,2 hrs. 5 min.,Sci-Fi Thriller,PG-13
2013,98,The World's End,Focus,"$26,004,851 ","1,553","$8,811,790 ","1,551",8月23日,12月5日,1 hrs. 49 min.,Comedy,R
2013,99,21 and Over,Rela.,"$25,682,380 ","2,771","$8,754,168 ","2,771",3月1日,5月16日,1 hrs. 33 min.,Comedy,R
2013,100,Her (2013),WB,"$25,568,251 ","1,729","$260,382 ",6,12月18日,4月17日,2 hrs. 0 min.,Comedy / Drama,R
2014,1,American Sniper,WB,"$350,126,372 ","3,885","$633,456 ",4,12月25日,6月25日,2 hrs. 12 minDrama,,R
2014,2,The Hunger Games: Mockingjay - Part 1,LGF,"$337,135,885 ","4,151","$121,897,634 ","4,151",11月21日,3月19日,2 hrs. 3 min.,Action / Adventure,PG-13
2014,3,Guardians of the Galaxy,BV,"$333,176,600 ","4,088","$94,320,883 ","4,080",8月1日,1月22日,2 hrs. 1 min.,Action / Adventure,PG-13
2014,4,Captain America: The Winter Soldier,BV,"$259,766,572 ","3,938","$95,023,721 ","3,938",4月4日,8月21日,2 hrs. 16 min.,Action / Adventure,PG-13
2014,5,The LEGO Movie,WB,"$257,760,692 ","3,890","$69,050,279 ","3,775",2月7日,9月4日,1 hrs. 40 min.,Animation,PG
2014,6,The Hobbit: The Battle of the Five Armies,WB (NL),"$255,119,788 ","3,875","$54,724,334 ","3,875",12月17日,4月2日,2 hrs. 24 min.,Fantasy,PG-13
2014,7,Transformers: Age of Extinction,Par.,"$245,439,076 ","4,233","$100,038,390 ","4,233",6月27日,10月9日,2 hrs. 45 min.,Sci-Fi Action,PG-13
2014,8,Maleficent,BV,"$241,410,378 ","3,948","$69,431,298 ","3,948",5月30日,12月4日,1 hrs. 37 min.,Fantasy,PG
2014,9,X-Men: Days of Future Past,Fox,"$233,921,534 ","4,001","$90,823,660 ","3,996",5月23日,10月9日,2 hrs. 11 min.,Action / Adventure,PG-13
2014,10,Big Hero 6,BV,"$222,527,828 ","3,773","$56,215,889 ","3,761",11月7日,5月28日,1 hrs. 48 min.,Animation,PG
2014,11,Dawn of the Planet of the Apes,Fox,"$208,545,589 ","3,969","$72,611,427 ","3,967",7月11日,12月4日,2 hrs. 10 min.,Sci-Fi Action,PG-13
2014,12,The Amazing Spider-Man 2,Sony,"$202,853,933 ","4,324","$91,608,337 ","4,324",5月2日,8月17日,2 hrs. 22 min.,Action / Adventure,PG-13
2014,13,Godzilla (2014),WB,"$200,676,069 ","3,952","$93,188,384 ","3,952",5月16日,8月28日,2 hrs. 3 min.,Sci-Fi Action,PG-13
2014,14,22 Jump Street,Sony,"$191,719,337 ","3,426","$57,071,445 ","3,306",6月13日,11月26日,1 hrs. 52 min.,Action Comedy,R
2014,15,Teenage Mutant Ninja Turtles (2014),Par.,"$191,204,754 ","3,980","$65,575,105 ","3,845",8月8日,11月20日,1 hrs. 41 min.,Action / Adventure,PG-13
2014,16,Interstellar,Par.,"$188,020,017 ","3,561","$47,510,360 ","3,561",11月5日,3月19日,2 hrs. 49 min.,Sci-Fi Adventure,PG-13
2014,17,How to Train Your Dragon 2,Fox,"$177,002,924 ","4,268","$49,451,322 ","4,253",6月13日,12月11日,1 hrs. 45 min.,Animation,PG
2014,18,Gone Girl,Fox,"$167,767,189 ","3,284","$37,513,109 ","3,014",10月3日,2月26日,2 hrs. 25 min.,Thriller,R
2014,19,Divergent,LG/S,"$150,947,895 ","3,936","$54,607,747 ","3,936",3月21日,7月10日,2 hrs. 23 min.,Action / Adventure,PG-13
2014,20,Neighbors,Uni.,"$150,157,400 ","3,311","$49,033,915 ","3,279",5月9日,8月21日,1 hrs. 36 min.,Comedy,R
2014,21,Ride Along,Uni.,"$134,938,200 ","2,867","$41,516,170 ","2,663",1月17日,4月17日,1 hrs. 40 min.,Comedy,PG-13
2014,22,Rio 2,Fox,"$131,538,435 ","3,975","$39,327,869 ","3,948",4月11日,9月4日,1 hrs. 41 min.,Animation,G
2014,23,Into the Woods,BV,"$128,002,372 ","2,833","$31,051,923 ","2,440",12月25日,4月16日,2 hrs. 4 min.,Musical,PG
2014,24,Lucy,Uni.,"$126,663,600 ","3,202","$43,899,340 ","3,173",7月25日,11月6日,1 hrs. 30 min.,Sci-Fi Action,R
2014,25,The Fault in our Stars,Fox,"$124,872,350 ","3,340","$48,002,523 ","3,173",6月6日,10月9日,2 hrs. 5 min.,Drama,PG-13
2014,26,Unbroken,Uni.,"$115,637,895 ","3,301","$30,621,445 ","3,131",12月25日,3月12日,2 hrs. 17 min.,War Drama,PG-13
2014,27,Night at the Museum: Secret of the Tomb,Fox,"$113,746,621 ","3,914","$17,100,520 ","3,785",12月19日,7月9日,1 hrs. 37 min.,Family Adventure,PG
2014,28,Mr. Peabody & Sherman,Fox,"$111,506,430 ","3,951","$32,207,057 ","3,934",3月7日,9月4日,1 hrs. 30 min.,Animation,PG
2014,29,300: Rise of An Empire,WB,"$106,580,051 ","3,490","$45,038,460 ","3,470",3月7日,5月29日,1 hrs. 42 min.,Period Action,R
2014,30,The Maze Runner,Fox,"$102,427,862 ","3,638","$32,512,804 ","3,604",9月19日,2月5日,1 hrs. 53 min.,Sci-Fi Thriller,PG-13
2014,31,The Equalizer,Sony,"$101,530,738 ","3,236","$34,137,828 ","3,236",9月26日,1月11日,2 hrs. 8 min.,Thriller,R
2014,32,Noah,Par.,"$101,200,044 ","3,571","$43,720,472 ","3,567",3月28日,6月19日,2 hrs. 18 min.Drama,,PG-13
2014,33,Edge of Tomorrow,WB,"$100,206,256 ","3,505","$28,760,246 ","3,490",6月6日,9月11日,1 hrs. 53 min.,Sci-Fi Action,PG-13
2014,34,Non-Stop,Uni.,"$92,168,600 ","3,183","$28,875,635 ","3,090",2月28日,5月29日,1 hrs. 50 min.,Thriller,PG-13
2014,35,Heaven is for Real,TriS,"$91,443,253 ","3,048","$22,522,221 ","2,417",4月16日,8月10日,1 hrs. 40 min.,Drama,PG
2014,36,The Imitation Game,Wein.,"$91,125,683 ","2,402","$479,352 ",4,11月28日,5月14日,1 hrs. 54 min.,Drama,PG-13
2014,37,Dumb and Dumber To,Uni.,"$86,208,010 ","3,188","$36,111,775 ","3,154",11月14日,2月12日,1 hrs. 50 min.,Comedy,PG-13
2014,38,Annie (2014),Sony,"$85,911,262 ","3,197","$15,861,939 ","3,116",12月19日,3月15日,1 hrs. 58 min.,Musical,PG
2014,39,Fury (2014),Sony,"$85,817,906 ","3,313","$23,702,421 ","3,173",10月17日,1月19日,2 hrs. 14 min.,War,R
2014,40,Tammy,WB (NL),"$84,525,432 ","3,465","$21,577,049 ","3,465",7月2日,10月16日,1 hrs. 36 min.,Comedy,R
2014,41,Annabelle,WB (NL),"$84,273,813 ","3,215","$37,134,255 ","3,185",10月3日,12月18日,1 hrs. 35 min.,Horror,R
2014,42,The Other Woman (2014),Fox,"$83,911,193 ","3,306","$24,763,752 ","3,205",4月25日,8月14日,1 hrs. 49 min.,Comedy,PG-13
2014,43,Penguins of Madagascar,Fox,"$83,350,911 ","3,775","$25,447,444 ","3,764",11月26日,5月7日,1 hrs. 32 min.,Animation,PG
2014,44,Let's Be Cops,Fox,"$82,390,774 ","3,140","$17,813,722 ","3,094",8月13日,12月11日,1 hrs. 44 min.,Action Comedy,R
2014,45,The Monuments Men,Sony,"$78,031,620 ","3,083","$22,003,433 ","3,083",2月7日,5月18日,1 hrs. 50 min.,Action Drama,PG-13
2014,46,Hercules (2014),Par.,"$72,688,614 ","3,595","$29,800,263 ","3,595",7月25日,10月16日,1 hrs. 38 min.,Action / Adventure,PG-13
2014,47,The Purge: Anarchy,Uni.,"$71,962,800 ","2,856","$29,816,675 ","2,805",7月18日,9月18日,1 hrs. 43 min.,Thriller,R
2014,48,"Alexander and the Terrible, Horrible, No Good, Very Bad Day",BV,"$66,954,149 ","3,117","$18,360,230 ","3,088",10月10日,2月26日,1 hrs. 21 min.,Family,PG
2014,49,Think Like a Man Too,SGem,"$65,182,182 ","2,225","$29,241,911 ","2,225",6月20日,8月17日,1 hrs. 46 min.,Comedy,PG-13
2014,50,Exodus: Gods and Kings,Fox,"$65,014,513 ","3,503","$24,115,934 ","3,503",12月12日,2月26日,2 hrs. 30 min.,Drama,PG-13
2014,51,The Nut Job,ORF,"$64,251,541 ","3,472","$19,423,000 ","3,427",1月17日,5月8日,1 hrs. 26 min.,Animation,PG
2014,52,God's Not Dead,Free,"$60,755,732 ","1,860","$9,217,013 ",780,3月21日,8月7日,1 hrs. 53 min.,Drama,PG
2014,53,Son of God,Fox,"$59,700,064 ","3,271","$25,601,865 ","3,260",2月28日,6月5日,2 hrs. 18 min.,Drama,PG-13
2014,54,The Grand Budapest Hotel,FoxS,"$59,301,324 ","1,467","$811,166 ",4,3月7日,2月26日,1 hrs. 40 min.,Comedy,R
2014,55,Planes: Fire & Rescue,BV,"$59,165,787 ","3,839","$17,509,407 ","3,826",7月18日,11月13日,1 hrs. 23 min.,Animation,PG
2014,56,RoboCop (2014),Sony,"$58,607,007 ","3,372","$21,681,430 ","3,372",2月12日,5月18日,1 hrs. 48 min.,Sci-Fi Action,PG-13
2014,57,Dracula Untold,Uni.,"$56,280,355 ","2,900","$23,514,615 ","2,885",10月10日,11月27日,1 hrs. 32 min.,Action Horror,PG-13
2014,58,Horrible Bosses 2,WB,"$54,445,357 ","3,400","$15,457,418 ","3,375",11月26日,2月19日,1 hrs. 48 min.,Comedy,R
2014,59,The Hundred-Foot Journey,BV,"$54,240,821 ","2,167","$10,979,290 ","2,023",8月8日,12月4日,2 hrs. 2 min.,Drama,PG
2014,60,No Good Deed (2014),SGem,"$52,543,632 ","2,175","$24,250,283 ","2,175",9月12日,11月2日,1 hrs. 24 min.,Thriller,PG-13
2014,61,Selma,Par.,"$52,076,908 ","2,235","$571,450 ",19,12月25日,4月16日,2 hrs. 7 min.,Drama,PG-13
2014,62,Muppets Most Wanted,BV,"$51,183,113 ","3,194","$17,005,126 ","3,194",3月21日,7月17日,1 hrs. 52 min.,Family Comedy,PG
2014,63,Ouija,Uni.,"$50,856,010 ","2,899","$19,875,995 ","2,858",10月24日,12月18日,1 hrs. 29 min.,Horror,PG-13
2014,64,The Boxtrolls,Focus,"$50,837,305 ","3,464","$17,275,239 ","3,464",9月26日,2月5日,1 hrs. 37 min.,Animation,PG
2014,65,Jack Ryan: Shadow Recruit,Par.,"$50,577,412 ","3,387","$15,451,981 ","3,387",1月17日,4月3日,1 hrs. 40 min.,Action Thriller,PG-13
2014,66,If I Stay,WB (NL),"$50,474,843 ","3,157","$15,679,190 ","2,907",8月22日,11月6日,1 hrs. 46 min.,Drama,PG-13
2014,67,The Book of Life (2014),Fox,"$50,151,543 ","3,113","$17,005,218 ","3,071",10月17日,2月26日,1 hrs. 35 min.,Animation,PG
2014,68,About Last Night (2014),SGem,"$48,637,684 ","2,253","$25,649,011 ","2,253",2月14日,4月27日,1 hrs. 40 min.,Romantic Comedy,R
2014,69,Into The Storm,WB (NL),"$47,602,194 ","3,434","$17,346,427 ","3,434",8月8日,11月20日,1 hrs. 29 min.,Thriller,PG-13
2014,70,The Judge,WB,"$47,119,388 ","3,003","$13,116,226 ","3,003",10月10日,1月15日,2 hrs. 21 min.,Drama,R
2014,71,Jersey Boys,WB,"$47,047,013 ","2,905","$13,319,371 ","2,905",6月20日,9月25日,2 hrs. 14 min.,Musical,R
2014,72,Blended,WB,"$46,294,610 ","3,555","$14,284,031 ","3,555",5月23日,8月28日,1 hrs. 57 min.,Romantic Comedy,PG-13
2014,73,The Giver,Wein.,"$45,090,374 ","3,003","$12,305,016 ","3,003",8月15日,12月11日,1 hrs. 31 min.,Fantasy Drama,PG-13
2014,74,St. Vincent,Wein.,"$44,137,712 ","2,552","$109,878 ",4,10月10日,3月5日,1 hrs. 43 min.,Comedy,PG-13
2014,75,Need for Speed,BV,"$43,577,636 ","3,115","$17,844,939 ","3,115",3月14日,6月19日,2 hrs. 10 min.,Action,PG-13
2014,76,A Million Ways to Die in the West,Uni.,"$43,139,300 ","3,160","$16,797,385 ","3,158",5月30日,7月17日,1 hrs. 56 min.,Western Comedy,R
2014,77,John Wick,LG/S,"$43,037,835 ","2,589","$14,415,922 ","2,589",10月24日,1月22日,1 hrs. 36 min.,Action,R
2014,78,Birdman,FoxS,"$42,340,598 ","1,213","$424,397 ",4,10月17日,4月16日,1 hrs. 59 min.,Comedy / Drama,R
2014,79,Dolphin Tale 2,WB,"$42,024,533 ","3,656","$15,873,397 ","3,656",9月12日,12月18日,1 hrs. 47 min.,Family,PG
2014,80,The Expendables 3,LGF,"$39,322,544 ","3,221","$15,879,645 ","3,221",8月15日,10月16日,1 hrs. 43 min.,Action,PG-13
2014,81,Earth to Echo,Rela.,"$38,934,842 ","3,230","$8,364,658 ","3,230",7月2日,10月30日,1 hrs. 31 min.,Adventure,PG
2014,82,Sex Tape,Sony,"$38,543,473 ","3,062","$14,608,152 ","3,062",7月18日,9月21日,1 hrs. 34 min.,Comedy,R
2014,83,Wild (2014),FoxS,"$37,880,356 ","1,361","$606,810 ",21,12月3日,5月7日,1 hrs. 55 min.,Drama,R
2014,84,Million Dollar Arm,BV,"$36,457,627 ","3,019","$10,515,659 ","3,019",5月16日,8月21日,2 hrs. 4 min.,Sports Drama,PG
2014,85,The Theory of Everything,Focus,"$35,893,537 ","1,220","$208,763 ",5,11月7日,4月16日,2 hrs. 3 min.,Drama,PG-13
2014,86,This is Where I Leave You,WB,"$34,296,320 ","2,868","$11,558,149 ","2,868",9月19日,12月4日,1 hrs. 43 min.,Comedy,R
2014,87,The Gambler,Par.,"$33,680,992 ","2,494","$9,129,999 ","2,478",12月25日,2月19日,1 hrs. 51 min.,Crime Drama,R
2014,88,Paranormal Activity: The Marked Ones,Par.,"$32,462,372 ","2,883","$18,343,611 ","2,867",1月3日,2月20日,1 hrs. 24 min.,Horror,R
2014,89,Nightcrawler,ORF,"$32,381,217 ","2,766","$10,441,000 ","2,766",10月31日,2月5日,1 hrs. 57 min.,Crime Drama,R
2014,90,Chef,ORF,"$31,424,003 ","1,298","$204,961 ",6,5月9日,9月11日,1 hrs. 55 min.,Comedy,R
2014,91,Get On Up,Uni.,"$30,703,100 ","2,469","$13,585,915 ","2,468",8月1日,9月18日,2 hrs. 18 min.,Music Drama,PG-13
2014,92,3 Days to Kill,Rela.,"$30,697,999 ","2,872","$12,242,218 ","2,872",2月21日,5月15日,1 hrs. 57 min.,Action Thriller,PG-13
2014,93,Deliver Us From Evil,SGem,"$30,577,122 ","3,049","$9,740,471 ","3,049",7月2日,8月10日,1 hrs. 58 min.,Horror,R
2014,94,When the Game Stands Tall,TriS,"$30,127,963 ","2,766","$8,381,509 ","2,673",8月22日,11月2日,1 hrs. 55 min.,Sports Drama,PG
2014,95,Draft Day,LG/S,"$28,842,237 ","2,781","$9,783,603 ","2,781",4月11日,6月19日,1 hrs. 50 min.,Sports Drama,PG-13
2014,96,Oculus,Rela.,"$27,695,246 ","2,648","$12,005,402 ","2,648",4月11日,6月26日,1 hrs. 45 min.,Horror,R
2014,97,The Best of Me,Rela.,"$26,766,213 ","2,936","$10,003,827 ","2,936",10月17日,1月15日,1 hrs. 57 min.,Romance,PG-13
2014,98,A Walk Among the Tombstones,Uni.,"$26,307,600 ","2,714","$12,758,780 ","2,712",9月19日,10月23日,1 hrs. 54 min.,Drama,R
2014,99,That Awkward Moment,Focus,"$26,068,955 ","2,809","$8,742,109 ","2,809",1月31日,4月3日,1 hrs. 34 min.,Romantic Comedy,R
2014,100,Boyhood,IFC,"$25,352,281 ",775,"$387,618 ",5,7月11日,3月22日,2 hrs. 46 min.,Drama,R
2015,1,Star Wars: The Force Awakens,BV,"$936,662,225 ","4,134","$247,966,675 ","4,134",12月18日,6月2日,2 hrs. 16 min.,Sci-Fi Fantasy,PG-13
2015,2,Jurassic World,Uni.,"$652,270,625 ","4,291","$208,806,270 ","4,274",6月12日,11月19日,2 hrs. 4 min.,Action / Adventure,PG-13
2015,3,Avengers: Age of Ultron,BV,"$459,005,868 ","4,276","$191,271,109 ","4,276",5月1日,10月8日,2 hrs. 21 min.,Action / Adventure,PG-13
2015,4,Inside Out,BV,"$356,461,711 ","4,158","$90,440,272 ","3,946",6月19日,12月10日,1 hrs. 34 min.,Animation,PG
2015,5,Furious 7,Uni.,"$353,007,020 ","4,022","$147,187,040 ","4,004",4月3日,7月24日,2 hrs. 17 min.,Action,PG-13
2015,6,Minions,Uni.,"$336,045,770 ","4,311","$115,718,405 ","4,301",7月10日,12月17日,1 hrs. 31 min.,Animation,PG
2015,7,The Hunger Games: Mockingjay - Part 2,LGF,"$281,723,902 ","4,175","$102,665,981 ","4,175",11月20日,2月25日,2 hrs. 17 min.,Action / Adventure,PG-13
2015,8,The Martian,Fox,"$228,433,663 ","3,854","$54,308,575 ","3,831",10月2日,3月17日,2 hrs. 21 min.,Sci-Fi,PG-13
2015,9,Cinderella (2015),BV,"$201,151,353 ","3,848","$67,877,361 ","3,845",3月13日,9月17日,1 hrs. 52 min.,Fantasy,PG
2015,10,Spectre,Sony,"$200,074,609 ","3,929","$70,403,148 ","3,929",11月6日,4月7日,2 hrs. 28 min.,Action,PG-13
2015,11,Mission: Impossible - Rogue Nation,Par.,"$195,042,377 ","3,988","$55,520,089 ","3,956",7月31日,10月29日,2 hrs. 10 min.,Action,PG-13
2015,12,Pitch Perfect 2,Uni.,"$184,296,230 ","3,660","$69,216,890 ","3,473",5月15日,7月30日,1 hrs. 55 min.,Comedy,PG-13
2015,13,The Revenant,Fox,"$183,637,894 ","3,711","$474,560 ",4,12月25日,5月26日,2 hrs. 31 min.,Action / Adventure,R
2015,14,Ant-Man,BV,"$180,202,163 ","3,868","$57,225,526 ","3,856",7月17日,12月17日,1 hrs. 57 min.,Action / Adventure,PG-13
2015,15,Home (2015),Fox,"$177,397,510 ","3,801","$52,107,731 ","3,708",3月27日,9月10日,1 hrs. 34 min.,Animation,PG
2015,16,Hotel Transylvania 2,Sony,"$169,700,110 ","3,768","$48,464,322 ","3,754",9月25日,3月3日,1 hrs. 29 min.,Animation,PG
2015,17,Fifty Shades of Grey,Uni.,"$166,167,230 ","3,655","$85,171,450 ","3,646",2月13日,5月7日,2 hrs. 5 min.,Romance,R
2015,18,The SpongeBob Movie: Sponge Out of Water,Par.,"$162,994,032 ","3,680","$55,365,012 ","3,641",2月6日,5月28日,1 hrs. 33 min.,Animation,PG
2015,19,Straight Outta Compton,Uni.,"$161,197,785 ","3,142","$60,200,180 ","2,757",8月14日,10月22日,2 hrs. 27 min.,Drama,R
2015,20,San Andreas,WB (NL),"$155,190,832 ","3,812","$54,588,173 ","3,777",5月29日,10月15日,1 hrs. 54 min.,Action,PG-13
2015,21,Mad Max: Fury Road,WB,"$153,636,354 ","3,722","$45,428,128 ","3,702",5月15日,9月24日,2 hrs. 0 min.,Sci-Fi Action,R
2015,22,Daddy's Home,Par.,"$150,357,137 ","3,483","$38,740,203 ","3,271",12月25日,4月7日,1 hrs. 36 min.,Comedy,PG-13
2015,23,The Divergent Series: Insurgent,LG/S,"$130,179,072 ","3,875","$52,263,680 ","3,875",3月20日,7月9日,1 hrs. 59 min.,Action / Adventure,PG-13
2015,24,The Peanuts Movie,Fox,"$130,178,411 ","3,902","$44,213,073 ","3,897",11月6日,3月31日,1 hrs. 33 min.,Animation,G
2015,25,Kingsman: The Secret Service,Fox,"$128,261,724 ","3,282","$36,206,331 ","3,204",2月13日,7月9日,2 hrs. 9 min.,Action / Adventure,R
2015,26,The Good Dinosaur,BV,"$123,087,120 ","3,749","$39,155,217 ","3,749",11月25日,4月7日,1 hrs. 40 min.,Animation,PG
2015,27,Spy,Fox,"$110,825,712 ","3,715","$29,085,719 ","3,711",6月5日,10月8日,2 hrs. 0 min.,Comedy,R
2015,28,Trainwreck,Uni.,"$110,212,700 ","3,171","$30,097,040 ","3,158",7月17日,10月15日,2 hrs. 5 min.,Comedy,R
2015,29,Creed,WB (NL),"$109,767,581 ","3,502","$29,632,823 ","3,404",11月25日,3月3日,2 hrs. 13 min.,Drama,PG-13
2015,30,Tomorrowland,BV,"$93,436,322 ","3,972","$33,028,165 ","3,972",5月22日,9月17日,2 hrs. 10 min.,Sci-Fi,PG
2015,31,Get Hard,WB,"$90,411,453 ","3,212","$33,803,253 ","3,175",3月27日,7月9日,1 hrs. 40 min.,Comedy,R
2015,32,Terminator: Genisys,Par.,"$89,760,956 ","3,783","$27,018,486 ","3,758",7月1日,9月17日,2 hrs. 6 min.,Action,PG-13
2015,33,Taken 3,Fox,"$89,256,424 ","3,594","$39,201,657 ","3,594",1月9日,5月14日,1 hrs. 49 min.,Action,PG-13
2015,34,Sisters,Uni.,"$87,044,645 ","2,978","$13,922,855 ","2,962",12月18日,3月10日,1 hrs. 58 min.,Comedy,R
2015,35,Alvin and the Chipmunks: The Road Chip,Fox,"$85,886,987 ","3,705","$14,287,159 ","3,653",12月18日,5月19日,1 hrs. 26 min.,Family Comedy,PG
2015,36,Maze Runner: The Scorch Trials,Fox,"$81,697,192 ","3,792","$30,316,510 ","3,791",9月18日,1月21日,2 hrs. 11 min.,Action / Adventure,PG-13
2015,37,Ted 2,Uni.,"$81,476,385 ","3,448","$33,507,870 ","3,442",6月26日,8月27日,1 hrs. 55 min.,Comedy,R
2015,38,Goosebumps,Sony,"$80,080,379 ","3,618","$23,618,556 ","3,501",10月16日,2月18日,1 hrs. 43 min.,Horror Comedy,PG
2015,39,Pixels,Sony,"$78,747,585 ","3,723","$24,011,616 ","3,723",7月24日,11月8日,1 hrs. 45 min.,Action Comedy,PG-13
2015,40,Paddington,W/Dim.,"$76,271,832 ","3,355","$18,966,676 ","3,303",1月16日,6月18日,1 hrs. 35 min.,Family,PG
2015,41,The Intern,WB,"$75,764,672 ","3,320","$17,728,313 ","3,305",9月25日,1月7日,2 hrs. 1 min.,Comedy,PG-13
2015,42,Bridge of Spies,BV,"$72,313,754 ","2,873","$15,371,203 ","2,811",10月16日,3月10日,2 hrs. 20 min.,Thriller,PG-13
2015,43,Paul Blart: Mall Cop 2,Sony,"$71,038,190 ","3,633","$23,762,435 ","3,633",4月17日,8月2日,1 hrs. 34 min.,Comedy,PG
2015,44,The Big Short,Par.,"$70,259,870 ","2,529","$705,527 ",8,12月11日,4月7日,2 hrs. 10 min.,Drama,R
2015,45,War Room,TriS,"$67,790,117 ","1,945","$11,351,389 ","1,135",8月28日,12月13日,2 hrs. 0 min.,Drama,PG
2015,46,Magic Mike XXL,WB,"$66,013,057 ","3,376","$12,857,184 ","3,355",7月1日,9月24日,1 hrs. 55 min.,Comedy / Drama,R
2015,47,The Visit,Uni.,"$65,206,105 ","3,148","$25,427,560 ","3,069",9月11日,11月26日,1 hrs. 34 min.,Horror,PG-13
2015,48,The Wedding Ringer,SGem,"$64,460,211 ","3,003","$20,649,306 ","3,003",1月16日,4月5日,1 hrs. 41 min.,Comedy,R
2015,49,Black Mass,WB,"$62,575,678 ","3,188","$22,635,037 ","3,188",9月18日,12月3日,2 hrs. 2 min.,Crime Drama,R
2015,50,Vacation,WB (NL),"$58,884,188 ","3,430","$14,681,108 ","3,411",7月29日,10月29日,1 hrs. 39 min.,Comedy,R
2015,51,The Perfect Guy,SGem,"$57,027,435 ","2,230","$25,888,154 ","2,221",9月11日,12月3日,1 hrs. 40 min.,Thriller,PG-13
2015,52,Joy,Fox,"$56,451,232 ","2,924","$17,015,168 ","2,896",12月25日,3月17日,2 hrs. 4 min.,Comedy / Drama,PG-13
2015,53,Fantastic Four,Fox,"$56,117,548 ","4,004","$25,685,737 ","3,995",8月7日,10月22日,1 hrs. 40 min.,Action / Adventure,PG-13
2015,54,The Hateful Eight,Wein.,"$54,117,416 ","2,938","$4,610,676 ",100,12月25日,4月28日,2 hrs. 47 min.,Western,R
2015,55,Focus (2015),WB,"$53,862,963 ","3,323","$18,685,137 ","3,323",2月27日,5月7日,1 hrs. 44 min.,Comedy,R
2015,56,Southpaw,Wein.,"$52,421,953 ","2,772","$16,701,294 ","2,772",7月24日,11月5日,2 hrs. 3 min.,Drama,R
2015,57,Insidious Chapter 3,Focus,"$52,218,558 ","3,014","$22,692,741 ","3,002",6月5日,8月13日,1 hrs. 37 min.,Horror,PG-13
2015,58,Poltergeist (2015),Fox,"$47,425,125 ","3,242","$22,620,386 ","3,240",5月22日,8月6日,1 hrs. 33 min.,Horror,PG-13
2015,59,Jupiter Ascending,WB,"$47,387,723 ","3,181","$18,372,372 ","3,181",2月6日,5月7日,2 hrs. 7 min.,Sci-Fi,PG-13
2015,60,Sicario,LGF,"$46,889,293 ","2,620","$401,288 ",6,9月18日,1月14日,2 hrs. 1 min.,Action Drama,R
2015,61,The Man From U.N.C.L.E.,WB,"$45,445,109 ","3,673","$13,421,036 ","3,638",8月14日,10月22日,1 hrs. 56 min.,Action,PG-13
2015,62,Spotlight,ORF,"$45,055,776 ","1,227","$295,009 ",5,11月6日,5月5日,2 hrs. 8 min.,Drama,R
2015,63,"McFarland, USA",BV,"$44,482,410 ","2,792","$11,020,798 ","2,755",2月20日,7月9日,2 hrs. 8 min.,Sports Drama,PG
2015,64,The Gift (2015),STX,"$43,787,265 ","2,503","$11,854,273 ","2,503",8月7日,10月9日,1 hrs. 48 min.,Thriller,R
2015,65,Everest (2015),Uni.,"$43,482,270 ","3,009","$7,222,035 ",545,9月18日,11月26日,2 hrs. 1 min.,Thriller,PG-13
2015,66,The Night Before,Sony,"$43,047,372 ","2,960","$9,880,536 ","2,960",11月20日,1月14日,1 hrs. 41 min.,Comedy,R
2015,67,Krampus,Uni.,"$42,725,475 ","2,919","$16,293,325 ","2,902",12月4日,1月21日,1 hrs. 38 min.,Horror Comedy,PG-13
2015,68,Max (2015),WB,"$42,656,255 ","2,870","$12,155,254 ","2,855",6月26日,10月15日,1 hrs. 51 min.,Family,PG
2015,69,The Age of Adaline,LGF,"$42,629,776 ","3,070","$13,203,458 ","2,991",4月24日,7月9日,1 hrs. 52 min.,Drama,PG-13
2015,70,Brooklyn,FoxS,"$38,322,743 ",962,"$187,281 ",5,11月4日,5月26日,1 hrs. 51 min.,Drama,PG-13
2015,71,The Longest Ride,Fox,"$37,446,117 ","3,371","$13,019,686 ","3,366",4月10日,7月9日,2 hrs. 19 min.,Romance,PG-13
2015,72,The Boy Next Door,Uni.,"$35,423,380 ","2,615","$14,910,105 ","2,602",1月23日,3月12日,1 hrs. 31 min.,Thriller,R
2015,73,Pan,WB,"$35,088,320 ","3,515","$15,315,435 ","3,515",10月9日,1月7日,1 hrs. 51 min.,Fantasy,PG
2015,74,Hot Pursuit,WB (NL),"$34,580,201 ","3,037","$13,942,258 ","3,003",5月8日,7月30日,1 hrs. 27 min.,Comedy,PG-13
2015,75,Concussion (2015),Sony,"$34,542,474 ","2,841","$10,513,749 ","2,841",12月25日,3月17日,2 hrs. 3 min.,Drama,PG-13
2015,76,The DUFF,LGF,"$34,030,343 ","2,622","$10,809,149 ","2,575",2月20日,5月14日,1 hrs. 41 min.,Comedy,PG-13
2015,77,Woman in Gold,Wein.,"$33,307,793 ","2,011","$2,091,551 ",258,4月1日,8月13日,1 hrs. 49 min.,Drama,PG-13
2015,78,The Second Best Exotic Marigold Hotel,FoxS,"$33,078,266 ","2,022","$8,540,370 ","1,573",3月6日,6月25日,2 hrs. 2 min.,Comedy / Drama,PG
2015,79,Unfriended,Uni.,"$32,482,090 ","2,775","$15,845,115 ","2,739",4月17日,5月28日,1 hrs. 23 min.,Horror,R
2015,80,Entourage,WB,"$32,363,404 ","3,108","$10,283,250 ","3,108",6月3日,8月13日,1 hrs. 44 min.,Comedy,R
2015,81,Paper Towns,Fox,"$32,000,304 ","3,031","$12,650,140 ","3,031",7月24日,10月15日,1 hrs. 49 min.,Drama,PG-13
2015,82,Chappie,Sony,"$31,569,268 ","3,201","$13,346,782 ","3,201",3月6日,5月3日,2 hrs. 0 min.,Sci-Fi Action,R
2015,83,Crimson Peak,Uni.,"$31,090,320 ","2,991","$13,143,310 ","2,984",10月16日,11月26日,1 hrs. 59 min.,Horror,R
2015,84,A Walk in the Woods,BG,"$29,504,281 ","2,158","$8,246,267 ","1,960",9月2日,12月20日,1 hrs. 44 min.,Comedy,R
2015,85,Point Break (2015),WB,"$28,782,481 ","2,910","$9,800,252 ","2,910",12月25日,2月25日,1 hrs. 53 min.,Action,PG-13
2015,86,Sinister 2,Focus,"$27,740,955 ","2,799","$10,542,116 ","2,766",8月21日,10月29日,1 hrs. 37 min.,Horror,R
2015,87,The Last Witch Hunter,LG/S,"$27,367,660 ","3,082","$10,812,861 ","3,082",10月23日,12月31日,1 hrs. 46 min.,Action Fantasy,PG-13
2015,88,No Escape,Wein.,"$27,288,872 ","3,415","$8,111,264 ","3,355",8月26日,11月26日,1 hrs. 41 min.,Action,R
2015,89,Ricki and the Flash,TriS,"$26,822,144 ","2,064","$6,610,961 ","1,603",8月7日,10月11日,1 hrs. 41 min.,Comedy / Drama,PG-13
2015,90,The Woman in Black 2: Angel of Death,Rela.,"$26,501,323 ","2,602","$15,027,415 ","2,602",1月2日,3月19日,1 hrs. 38 min.,Horror,PG-13
2015,91,Run All Night,WB,"$26,461,644 ","3,171","$11,012,305 ","3,171",3月13日,5月7日,1 hrs. 54 min.,Action,R
2015,92,Love the Coopers,LGF,"$26,302,731 ","2,603","$8,317,545 ","2,603",11月13日,1月14日,1 hrs. 47 min.,Comedy,PG-13
2015,93,The Lazarus Effect,Rela.,"$25,801,047 ","2,666","$10,203,437 ","2,666",2月27日,6月11日,1 hrs. 23 min.,Horror,PG-13
2015,94,Ex Machina,A24,"$25,442,958 ","2,004","$237,264 ",4,4月10日,9月3日,1 hrs. 50 min.,Sci-Fi Thriller,R
2015,95,In the Heart of the Sea,WB,"$25,020,758 ","3,103","$11,053,366 ","3,103",12月11日,2月11日,2 hrs. 1 min.,Drama,PG-13
2015,96,The Gallows,WB (NL),"$22,764,410 ","2,720","$9,808,463 ","2,720",7月10日,9月17日,1 hrs. 21 min.,Horror,R
2015,97,Hitman: Agent 47,Fox,"$22,467,450 ","3,273","$8,326,530 ","3,261",8月21日,10月15日,1 hrs. 36 min.,Action / Adventure,R
2015,98,Project Almanac,Par.,"$22,348,241 ","2,900","$8,310,252 ","2,893",1月30日,3月26日,1 hrs. 46 min.,Sci-Fi,PG-13
2015,99,Black or White,Rela.,"$21,571,189 ","1,823","$6,213,362 ","1,823",1月30日,5月14日,2 hrs. 1 min.,Drama,PG-13
2015,100,Aloha,Sony,"$21,067,116 ","2,815","$9,670,235 ","2,815",5月29日,7月30日,1 hrs. 45 min.,Comedy / Drama,PG-13
2016,1,Rogue One: A Star Wars Story,BV,"$532,177,324 ","4,157","$155,081,681 ","4,157",12月16日,5月4日,2 hrs. 13 min.,Sci-Fi Adventure,PG-13
2016,2,Finding Dory,BV,"$486,295,561 ","4,305","$135,060,273 ","4,305",6月17日,12月8日,1 hrs. 43 min.,Animation,PG
2016,3,Captain America: Civil War,BV,"$408,084,349 ","4,226","$179,139,142 ","4,226",5月6日,9月22日,2 hrs. 27 min.,Action / Adventure,PG-13
2016,4,The Secret Life of Pets,Uni.,"$368,384,330 ","4,381","$104,352,905 ","4,370",7月8日,12月29日,1 hrs. 30 min.,Animation,PG
2016,5,The Jungle Book (2016),BV,"$364,001,123 ","4,144","$103,261,464 ","4,028",4月15日,9月29日,1 hrs. 45 min.,Adventure,PG
2016,6,Deadpool,Fox,"$363,070,709 ","3,856","$132,434,639 ","3,558",2月12日,6月16日,1 hrs. 46 min.,Action,R
2016,7,Zootopia,BV,"$341,268,248 ","3,959","$75,063,401 ","3,827",3月4日,8月4日,1 hrs. 48 min.,Animation,PG
2016,8,Batman v Superman: Dawn of Justice,WB,"$330,360,194 ","4,256","$166,007,347 ","4,242",3月25日,6月16日,2 hrs. 31 min.,Action / Adventure,PG-13
2016,9,Suicide Squad,WB,"$325,100,054 ","4,255","$133,682,248 ","4,255",8月5日,11月10日,2 hrs. 10 min.,Action / Adventure,PG-13
2016,10,Sing,Uni.,"$270,395,425 ","4,029","$35,258,145 ","4,022",12月21日,5月11日,1 hrs. 50 min.,Animation,PG
2016,11,Moana,BV,"$248,757,044 ","3,875","$56,631,401 ","3,875",11月23日,4月27日,1 hrs. 43 min.,Animation,PG
2016,12,Fantastic Beasts and Where To Find Them,WB,"$234,037,575 ","4,144","$74,403,387 ","4,144",11月18日,3月30日,2 hrs. 20 min.,Fantasy,PG-13
2016,13,Doctor Strange,BV,"$232,641,920 ","3,882","$85,058,311 ","3,882",11月4日,3月16日,1 hrs. 55 min.,Action / Adventure,PG-13
2016,14,Hidden Figures,Fox,"$169,607,287 ","3,416","$515,499 ",25,12月25日,11月9日,2 hrs. 7 min.,Drama,PG
2016,15,Jason Bourne,Uni.,"$162,434,410 ","4,039","$59,215,365 ","4,026",7月29日,12月22日,2 hrs. 3 min.,Action,PG-13
2016,16,Star Trek Beyond,Par.,"$158,848,340 ","3,928","$59,253,211 ","3,928",7月22日,10月20日,2 hrs. 0 min.,Sci-Fi Adventure,PG-13
2016,17,X-Men: Apocalypse,Fox,"$155,442,489 ","4,153","$65,769,562 ","4,150",5月27日,7月28日,2 hrs. 23 min.,Action / Adventure,PG-13
2016,18,Trolls,Fox,"$153,707,064 ","4,066","$46,581,142 ","4,060",11月4日,3月30日,1 hrs. 34 min.,Animation,PG
2016,19,La La Land,LG/S,"$151,101,803 ","3,236","$881,104 ",5,12月9日,4月27日,2 hrs. 8 min.,Musical,PG-13
2016,20,Kung Fu Panda 3,Fox,"$143,528,619 ","3,987","$41,282,042 ","3,955",1月29日,7月21日,1 hrs. 35 min.,Animation,PG
2016,21,Ghostbusters (2016),Sony,"$128,350,574 ","3,963","$46,018,755 ","3,963",7月15日,11月10日,1 hrs. 48 min.,Horror Comedy,PG-13
2016,22,Central Intelligence,WB (NL),"$127,440,871 ","3,508","$35,535,250 ","3,508",6月17日,9月1日,1 hrs. 47 min.,Comedy,PG-13
2016,23,The Legend of Tarzan,WB,"$126,643,061 ","3,591","$38,527,856 ","3,561",7月1日,9月15日,1 hrs. 49 min.,Action / Adventure,PG-13
2016,24,Sully,WB,"$125,070,033 ","3,955","$35,028,301 ","3,525",9月9日,1月26日,1 hrs. 36 min.,Drama,PG-13
2016,25,Bad Moms,STX,"$113,257,297 ","3,215","$23,817,340 ","3,215",7月29日,10月27日,1 hrs. 41 min.,Comedy,R
2016,26,The Angry Birds Movie,Sony,"$107,509,366 ","3,932","$38,155,177 ","3,932",5月20日,9月15日,1 hrs. 37 min.,Animation,PG
2016,27,Independence Day: Resurgence,Fox,"$103,144,286 ","4,130","$41,039,944 ","4,130",6月24日,9月15日,2 hrs. 0 min.,Sci-Fi Adventure,PG-13
2016,28,The Conjuring 2,WB (NL),"$102,470,008 ","3,356","$40,406,314 ","3,343",6月10日,8月25日,2 hrs. 14 min.,Horror,R
2016,29,Arrival,Par.,"$100,546,139 ","3,115","$24,074,047 ","2,317",11月11日,3月9日,1 hrs. 56 min.,Sci-Fi,PG-13
2016,30,Passengers (2016),Sony,"$100,014,699 ","3,478","$14,869,736 ","3,478",12月21日,4月20日,1 hrs. 56 min.,Sci-Fi,PG-13
2016,31,Sausage Party,Sony,"$97,685,686 ","3,135","$34,263,534 ","3,103",8月12日,12月22日,1 hrs. 29 min.,Animation,R
2016,32,The Magnificent Seven (2016),Sony,"$93,432,655 ","3,696","$34,703,397 ","3,674",9月23日,1月5日,2 hrs. 13 min.,Western,PG-13
2016,33,Ride Along 2,Uni.,"$91,221,830 ","3,192","$35,243,095 ","3,175",1月15日,6月16日,1 hrs. 41 min.,Action Comedy,PG-13
2016,34,Don't Breathe,SGem,"$89,217,875 ","3,384","$26,411,706 ","3,051",8月26日,12月22日,1 hrs. 28 min.,Horror Thriller,R
2016,35,Miss Peregrine's Home for Peculiar Children,Fox,"$87,242,834 ","3,835","$28,871,140 ","3,522",9月30日,2月9日,2 hrs. 7 min.,Fantasy,PG-13
2016,36,The Accountant,WB,"$86,260,045 ","3,402","$24,710,273 ","3,332",10月14日,1月12日,2 hrs. 8 min.,Drama,R
2016,37,Teenage Mutant Ninja Turtles: Out of the Shadows,Par.,"$82,051,601 ","4,071","$35,316,382 ","4,071",6月3日,9月8日,1 hrs. 52 min.,Action / Adventure,PG-13
2016,38,The Purge: Election Year,Uni.,"$79,213,375 ","2,821","$31,515,110 ","2,796",7月1日,10月13日,1 hrs. 45 min.,Thriller,R
2016,39,Alice Through the Looking Glass,BV,"$77,041,381 ","3,763","$26,858,726 ","3,763",5月27日,9月1日,1 hrs. 52 min.,Family Adventure,PG
2016,40,Pete's Dragon (2016),BV,"$76,233,151 ","3,702","$21,514,095 ","3,702",8月12日,12月15日,1 hrs. 42 min.,Family,PG
2016,41,The Girl on the Train (2016),Uni.,"$75,395,035 ","3,241","$24,536,265 ","3,144",10月7日,12月29日,1 hrs. 52 min.,Thriller,R
2016,42,Boo! A Madea Halloween,LGF,"$73,206,343 ","2,299","$28,501,448 ","2,260",10月21日,12月22日,1 hrs. 43 min.,Horror Comedy,PG-13
2016,43,Storks,WB,"$72,679,278 ","3,922","$21,311,407 ","3,922",9月23日,1月12日,1 hrs. 29 min.,Animation,PG
2016,44,10 Cloverfield Lane,Par.,"$72,082,998 ","3,427","$24,727,437 ","3,391",3月11日,6月2日,1 hrs. 45 min.,Thriller,PG-13
2016,45,Lights Out,WB (NL),"$67,268,835 ","2,835","$21,688,103 ","2,818",7月22日,9月29日,1 hrs. 21 min.,Horror,PG-13
2016,46,Hacksaw Ridge,LGF,"$67,209,615 ","2,971","$15,190,758 ","2,886",11月4日,3月9日,2 hrs. 11 min.,Action Drama,R
2016,47,The Divergent Series: Allegiant,LG/S,"$66,184,051 ","3,740","$29,027,348 ","3,740",3月18日,6月2日,2 hrs. 1 min.,Action / Adventure,PG-13
2016,48,Now You See Me 2,LG/S,"$65,075,540 ","3,232","$22,383,146 ","3,232",6月10日,8月25日,2 hrs. 9 min.,Thriller,PG-13
2016,49,Ice Age: Collision Course,Fox,"$64,063,008 ","3,997","$21,373,064 ","3,992",7月22日,11月3日,1 hrs. 34 min.,Animation,PG
2016,50,The Boss,Uni.,"$63,285,885 ","3,495","$23,586,645 ","3,480",4月8日,8月4日,1 hrs. 39 min.,Comedy,R
2016,51,London Has Fallen,Focus,"$62,678,608 ","3,492","$21,635,601 ","3,490",3月4日,6月2日,1 hrs. 39 min.,Action,R
2016,52,Miracles from Heaven,TriS,"$61,705,123 ","3,155","$14,812,393 ","3,047",3月16日,7月21日,1 hrs. 49 min.,Drama,PG
2016,53,Deepwater Horizon,LG/S,"$61,433,527 ","3,403","$20,223,544 ","3,259",9月30日,12月15日,1 hrs. 47 min.,Action Drama,PG-13
2016,54,Why Him?,Fox,"$60,323,786 ","3,008","$11,002,986 ","2,917",12月23日,3月23日,1 hrs. 51 min.,Comedy,R
2016,55,My Big Fat Greek Wedding 2,Uni.,"$59,689,605 ","3,179","$17,861,950 ","3,133",3月25日,5月26日,1 hrs. 34 min.,Comedy,PG-13
2016,56,Jack Reacher: Never Go Back,Par.,"$58,697,076 ","3,780","$22,872,490 ","3,780",10月21日,1月12日,1 hrs. 58 min.,Crime Drama,PG-13
2016,57,Fences,Par.,"$57,682,904 ","2,368","$129,462 ",4,12月16日,3月30日,2 hrs. 18 min.,Drama,PG-13
2016,58,Me Before You,WB (NL),"$56,245,075 ","2,762","$18,723,269 ","2,704",6月3日,8月18日,1 hrs. 50 min.,Romance,PG-13
2016,59,The BFG,BV,"$55,483,770 ","3,392","$18,775,350 ","3,357",7月1日,10月13日,1 hrs. 57 min.,Adventure,PG
2016,60,Neighbors 2: Sorority Rising,Uni.,"$55,455,765 ","3,416","$21,760,405 ","3,384",5月20日,7月14日,1 hrs. 31 min.,Comedy,R
2016,61,The Shallows,Sony,"$55,124,043 ","2,962","$16,800,868 ","2,962",6月24日,9月29日,1 hrs. 25 min.,Horror,PG-13
2016,62,Office Christmas Party,Par.,"$54,767,494 ","3,210","$16,890,204 ","3,210",12月9日,1月26日,1 hrs. 45 min.,Comedy,R
2016,63,Assassin's Creed,Fox,"$54,647,948 ","2,996","$10,278,225 ","2,970",12月21日,3月9日,2 hrs. 20 min.,Action,PG-13
2016,64,Barbershop: The Next Cut,WB (NL),"$54,030,051 ","2,676","$20,242,415 ","2,661",4月15日,7月14日,1 hrs. 52 min.,Comedy,PG-13
2016,65,13 Hours: The Secret Soldiers of Benghazi,Par.,"$52,853,219 ","2,917","$16,194,738 ","2,389",1月15日,3月24日,2 hrs. 24 min.,Drama,R
2016,66,Lion,Wein.,"$51,738,905 ","1,802","$123,360 ",4,11月25日,5月11日,2 hrs. 0 min.,Drama,PG-13
2016,67,The Huntsman: Winter's War,Uni.,"$48,390,190 ","3,802","$19,445,035 ","3,791",4月22日,8月4日,1 hrs. 54 min.,Action / Adventure,PG-13
2016,68,Kubo and the Two Strings,Focus,"$48,023,088 ","3,279","$12,608,372 ","3,260",8月19日,12月1日,1 hrs. 41 min.,Animation,PG
2016,69,Manchester by the Sea,RAtt.,"$47,695,371 ","1,213","$256,498 ",4,11月18日,4月27日,2 hrs. 15 min.,Drama,R
2016,70,Warcraft,Uni.,"$47,365,290 ","3,406","$24,166,110 ","3,400",6月10日,9月8日,2 hrs. 3 min.,Fantasy,PG-13
2016,71,How to Be Single,WB (NL),"$46,843,513 ","3,357","$17,878,911 ","3,343",2月12日,4月14日,1 hrs. 50 min.,Romantic Comedy,R
2016,72,Mike and Dave Need Wedding Dates,Fox,"$46,009,673 ","3,008","$16,628,170 ","2,982",7月8日,10月13日,1 hrs. 38 min.,Comedy,R
2016,73,War Dogs,WB,"$43,034,523 ","3,258","$14,685,305 ","3,258",8月19日,10月20日,1 hrs. 54 min.,Comedy / Drama,R
2016,74,Almost Christmas,Uni.,"$42,158,780 ","2,379","$15,134,235 ","2,376",11月11日,1月12日,1 hrs. 52 min.,Comedy,PG-13
2016,75,Money Monster,TriS,"$41,012,075 ","3,104","$14,788,157 ","3,104",5月13日,8月4日,1 hrs. 35 min.,Drama / Thriller,R
2016,76,Allied,Par.,"$40,098,064 ","3,160","$12,701,743 ","3,160",11月23日,1月26日,2 hrs. 1 min.,Romantic Thriller,R
2016,77,Nerve,LGF,"$38,583,626 ","2,538","$9,445,456 ","2,538",7月27日,10月6日,1 hrs. 36 min.,Thriller,PG-13
2016,78,Risen,Sony,"$36,880,033 ","2,915","$11,801,271 ","2,915",2月19日,5月19日,1 hrs. 47 min.,Action / Adventure,PG-13
2016,79,The Nice Guys,WB,"$36,261,763 ","2,865","$11,203,270 ","2,865",5月20日,8月4日,1 hrs. 56 min.,Comedy Thriller,R
2016,80,The Boy (2016),STX,"$35,819,556 ","2,671","$10,778,392 ","2,671",1月22日,3月31日,1 hrs. 38 min.,Horror,PG-13
2016,81,Dirty Grandpa,LGF,"$35,593,113 ","2,912","$11,111,875 ","2,912",1月22日,3月17日,1 hrs. 42 min.,Comedy,R
2016,82,Ouija: Origin of Evil,Uni.,"$35,144,505 ","3,168","$14,065,500 ","3,167",10月21日,12月29日,1 hrs. 39 min.,Horror,PG-13
2016,83,The 5th Wave,Sony,"$34,916,787 ","2,908","$10,326,356 ","2,908",1月22日,5月26日,1 hrs. 52 min.,Sci-Fi Action,PG-13
2016,84,Inferno,Sony,"$34,343,574 ","3,576","$14,860,425 ","3,576",10月28日,1月19日,2 hrs. 1 min.,Thriller,PG-13
2016,85,Mother's Day,ORF,"$32,492,859 ","3,291","$8,369,184 ","3,035",4月29日,6月16日,1 hrs. 58 min.,Comedy,PG-13
2016,86,Patriots Day,LGF,"$31,886,361 ","3,120","$161,306 ",7,12月21日,3月9日,2 hrs. 10 min.,Drama,R
2016,87,Gods of Egypt,LG/S,"$31,153,464 ","3,117","$14,123,903 ","3,117",2月26日,5月12日,2 hrs. 7 min.,Action / Adventure,PG-13
2016,88,Collateral Beauty,WB (NL),"$31,016,021 ","3,028","$7,102,085 ","3,028",12月16日,2月9日,1 hrs. 34 min.,Drama,PG-13
2016,89,"Hail, Caesar!",Uni.,"$30,498,085 ","2,248","$11,355,225 ","2,232",2月5日,6月30日,1 hrs. 40 min.,Comedy,PG-13
2016,90,When the Bough Breaks,SGem,"$29,747,603 ","2,246","$14,202,323 ","2,246",9月9日,11月17日,1 hrs. 47 min.,Drama,PG-13
2016,91,Zoolander 2,Par.,"$28,848,693 ","3,418","$13,841,146 ","3,394",2月12日,3月31日,1 hrs. 40 min.,Comedy,PG-13
2016,92,Moonlight (2016),A24,"$27,854,932 ","1,564","$402,075 ",4,10月21日,5月4日,1 hrs. 50 min.,Drama,R
2016,93,The Finest Hours,BV,"$27,569,558 ","3,143","$10,288,932 ","3,143",1月29日,4月7日,1 hrs. 49 min.,Thriller,PG-13
2016,94,Florence Foster Jenkins,Par.,"$27,383,770 ","1,528","$6,601,313 ","1,528",8月12日,10月27日,1 hrs. 50 min.,Drama,PG-13
2016,95,Hell or High Water,LGF,"$27,007,844 ","1,505","$621,329 ",32,8月12日,11月17日,1 hrs. 42 min.,Action Drama,R
2016,96,The Forest,Focus,"$26,594,261 ","2,509","$12,741,176 ","2,451",1月8日,3月17日,1 hrs. 35 min.,Horror,PG-13
2016,97,Ben-Hur (2016),Par.,"$26,410,477 ","3,084","$11,203,815 ","3,084",8月19日,10月6日,2 hrs. 3 min.,Historical Epic,PG-13
2016,98,The Witch,A24,"$25,138,705 ","2,204","$8,800,230 ","2,046",2月19日,5月26日,1 hrs. 32 min.,Horror,R
2016,99,Bridget Jones's Baby,Uni.,"$24,252,420 ","2,930","$8,571,785 ","2,927",9月16日,12月15日,2 hrs. 2 min.,Romantic Comedy,R
2016,100,Kevin Hart: What Now?,Uni.,"$23,591,043 ","2,567","$11,767,210 ","2,567",10月14日,12月15日,1 hrs. 36 min.,Concert,R
2017,1,Star Wars: The Last Jedi,BV,"$620,181,382 ","4,232","$220,009,584 ","4,232",12月15日,4月19日,2 hrs. 31 min.,Sci-Fi Fantasy,PG-13
2017,2,Beauty and the Beast (2017),BV,"$504,014,165 ","4,210","$174,750,616 ","4,210",3月17日,7月13日,2 hrs. 9 min.,Fantasy,PG
2017,3,Wonder Woman,WB,"$412,563,408 ","4,165","$103,251,471 ","4,165",6月2日,11月9日,2 hrs. 21 min.,Action / Adventure,PG-13
2017,4,Jumanji: Welcome to the Jungle,Sony,"$404,515,480 ","3,849","$36,169,328 ","3,765",12月20日,-,1 hrs. 59 min.,Action,PG-13
2017,5,Guardians of the Galaxy Vol. 2,BV,"$389,813,101 ","4,347","$146,510,104 ","4,347",5月5日,9月21日,2 hrs. 17 min.,Action / Adventure,PG-13
2017,6,Spider-Man: Homecoming,Sony,"$334,201,140 ","4,348","$117,027,503 ","4,348",7月7日,11月30日,2 hrs. 13 min.,Action / Adventure,PG-13
2017,7,It,WB (NL),"$327,481,748 ","4,148","$123,403,419 ","4,103",9月8日,12月14日,2 hrs. 15 min.,Horror,R
2017,8,Thor: Ragnarok,BV,"$315,058,289 ","4,080","$122,744,989 ","4,080",11月3日,3月15日,2 hrs. 10 min.,Action / Adventure,PG-13
2017,9,Despicable Me 3,Uni.,"$264,624,300 ","4,535","$72,434,025 ","4,529",6月30日,12月21日,1 hrs. 30 min.,Animation,PG
2017,10,Justice League,WB,"$229,024,295 ","4,051","$93,842,239 ","4,051",11月17日,3月15日,1 hrs. 59 min.,Action / Adventure,PG-13
2017,11,Logan,Fox,"$226,277,068 ","4,071","$88,411,916 ","4,071",3月3日,7月13日,2 hrs. 15 min.,Action / Adventure,R
2017,12,The Fate of the Furious,Uni.,"$226,008,385 ","4,329","$98,786,705 ","4,310",4月14日,8月10日,2 hrs. 16 min.,Action,PG-13
2017,13,Coco,BV,"$209,726,015 ","3,987","$50,802,605 ","3,987",11月22日,4月26日,1 hrs. 49 min.,Animation,PG
2017,14,Dunkirk,WB,"$188,045,546 ","4,014","$50,513,488 ","3,720",7月21日,11月23日,1 hrs. 46 min.,War,PG-13
2017,15,Get Out,Uni.,"$176,040,665 ","3,143","$33,377,060 ","2,781",2月24日,2月15日,1 hrs. 43 min.,Horror,R
2017,16,The LEGO Batman Movie,WB,"$175,750,384 ","4,088","$53,003,468 ","4,088",2月10日,6月8日,1 hrs. 44 min.,Animation,PG
2017,17,The Boss Baby,Fox,"$175,003,033 ","3,829","$50,198,902 ","3,773",3月31日,11月2日,1 hrs. 37 min.,Animation,PG
2017,18,The Greatest Showman,Fox,"$174,016,519 ","3,342","$8,805,843 ","3,006",12月20日,-,1 hrs. 45 min.,Musical,PG
2017,19,Pirates of the Caribbean: Dead Men Tell No Tales,BV,"$172,558,876 ","4,276","$62,983,253 ","4,276",5月26日,9月21日,2 hrs. 9 min.,Period Adventure,PG-13
2017,20,Kong: Skull Island,WB,"$168,052,812 ","3,846","$61,025,472 ","3,846",3月10日,6月15日,1 hrs. 58 min.,Action / Adventure,PG-13
2017,21,Cars 3,BV,"$152,901,115 ","4,256","$53,688,680 ","4,256",6月16日,11月2日,1 hrs. 42 min.,Animation,G
2017,22,War for the Planet of the Apes,Fox,"$146,880,162 ","4,100","$56,262,929 ","4,022",7月14日,11月30日,2 hrs. 20 min.,Sci-Fi Action,PG-13
2017,23,Split,Uni.,"$138,291,365 ","3,373","$40,010,975 ","3,038",1月20日,5月11日,1 hrs. 57 min.,Horror Thriller,PG-13
2017,24,Wonder,LGF,"$132,422,809 ","3,519","$27,547,866 ","3,096",11月17日,3月22日,1 hrs. 53 min.,Drama,PG
2017,25,Transformers: The Last Knight,Par.,"$130,168,683 ","4,132","$44,680,073 ","4,069",6月21日,8月24日,2 hrs. 29 min.,Sci-Fi Action,PG-13
2017,26,Girls Trip,Uni.,"$115,171,585 ","2,648","$31,201,920 ","2,591",7月21日,10月19日,2 hrs. 2 min.,Comedy,R
2017,27,Fifty Shades Darker,Uni.,"$114,581,250 ","3,714","$46,607,250 ","3,710",2月10日,4月6日,1 hrs. 55 min.,Romance,R
2017,28,Baby Driver,TriS,"$107,825,862 ","3,226","$20,553,320 ","3,226",6月28日,10月19日,1 hrs. 52 min.,Action / Crime,R
2017,29,Pitch Perfect 3,Uni.,"$104,897,530 ","3,468","$19,928,525 ","3,447",12月22日,3月8日,1 hrs. 36 min.,Comedy,PG-13
2017,30,Daddy's Home 2,Par.,"$104,029,443 ","3,575","$29,651,193 ","3,575",11月10日,2月15日,1 hrs. 40 min.,Comedy,PG-13
2017,31,Murder on the Orient Express (2017),Fox,"$102,826,543 ","3,354","$28,681,472 ","3,341",11月10日,-,1 hrs. 54 min.,Thriller,PG-13
2017,32,Annabelle: Creation,WB (NL),"$102,092,201 ","3,565","$35,006,404 ","3,502",8月11日,11月2日,1 hrs. 49 min.,Horror,R
2017,33,Kingsman: The Golden Circle,Fox,"$100,234,838 ","4,038","$39,023,010 ","4,003",9月22日,1月4日,2 hrs. 21 min.,Action Comedy,R
2017,34,Blade Runner 2049,WB,"$92,054,159 ","4,058","$32,753,122 ","4,058",10月6日,2月1日,2 hrs. 43 min.,Sci-Fi,R
2017,35,John Wick: Chapter Two,LG/S,"$92,029,184 ","3,113","$30,436,123 ","3,113",2月10日,4月27日,2 hrs. 2 min.,Action,R
2017,36,The Emoji Movie,Sony,"$86,089,513 ","4,075","$24,531,923 ","4,075",7月28日,11月30日,1 hrs. 26 min.,Animation,PG
2017,37,Power Rangers (2017),LGF,"$85,364,450 ","3,693","$40,300,288 ","3,693",3月24日,6月1日,2 hrs. 4 min.,Action / Adventure,PG-13
2017,38,Ferdinand,Fox,"$84,410,380 ","3,630","$13,401,586 ","3,621",12月15日,5月31日,1 hrs. 47 min.,Animation,PG
2017,39,The Post,Fox,"$81,903,458 ","2,851","$526,011 ",9,12月22日,5月17日,1 hrs. 55 min.,Drama,PG-13
2017,40,The Mummy (2017),Uni.,"$80,227,895 ","4,035","$31,688,375 ","4,035",6月9日,8月24日,1 hrs. 47 min.,Action / Adventure,PG-13
2017,41,The Hitman's Bodyguard,LG/S,"$75,468,583 ","3,377","$21,384,504 ","3,377",8月18日,11月2日,1 hrs. 58 min.,Action Comedy,R
2017,42,Alien: Covenant,Fox,"$74,262,031 ","3,772","$36,160,621 ","3,761",5月19日,8月31日,2 hrs. 2 min.,Sci-Fi Horror,R
2017,43,Captain Underpants: The First Epic Movie,Fox,"$73,921,000 ","3,529","$23,851,539 ","3,434",6月2日,11月2日,1 hrs. 29 min.,Animation,PG
2017,44,A Bad Moms Christmas,STX,"$72,110,659 ","3,615","$16,759,161 ","3,615",11月1日,1月11日,1 hrs. 44 min.,Comedy,R
2017,45,A Dog's Purpose,Uni.,"$64,508,620 ","3,178","$18,222,810 ","3,059",1月27日,5月18日,2 hrs. 0 min.,Comedy / Drama,PG
2017,46,The Shape of Water,FoxS,"$63,859,435 ","2,341","$166,564 ",2,12月1日,5月3日,1 hrs. 59 min.,Fantasy Drama,R
2017,47,The LEGO Ninjago Movie,WB,"$59,281,555 ","4,047","$20,433,071 ","4,047",9月22日,11月30日,1 hrs. 41 min.,Animation,PG
2017,48,Baywatch,Par.,"$58,060,186 ","3,647","$18,503,871 ","3,647",5月25日,7月27日,1 hrs. 56 min.,Action Comedy,R
2017,49,The Shack,LG/S,"$57,386,418 ","2,888","$16,172,119 ","2,888",3月3日,5月18日,2 hrs. 12 min.,Drama,PG-13
2017,50,Darkest Hour,Focus,"$56,468,410 ","1,733","$175,006 ",4,11月22日,4月12日,2 hrs. 5 min.,Drama,PG-13
2017,51,Happy Death Day,Uni.,"$55,683,845 ","3,535","$26,039,025 ","3,149",10月13日,12月14日,1 hrs. 36 min.,Horror,PG-13
2017,52,"Three Billboards Outside Ebbing, Missouri",FoxS,"$54,513,740 ","1,726","$322,168 ",4,11月10日,5月3日,1 hrs. 55 min.,Crime Comedy,R
2017,53,Atomic Blonde,Focus,"$51,687,870 ","3,326","$18,286,420 ","3,304",7月28日,10月5日,1 hrs. 55 min.,Thriller,R
2017,54,American Made,Uni.,"$51,342,000 ","3,098","$16,776,390 ","3,024",9月29日,12月14日,1 hrs. 55 min.,Crime Thriller,R
2017,55,The Dark Tower,Sony,"$50,701,325 ","3,451","$19,153,698 ","3,451",8月4日,10月19日,1 hrs. 35 min.,Fantasy,PG-13
2017,56,Lady Bird,A24,"$48,958,273 ","1,557","$364,437 ",4,11月3日,4月5日,1 hrs. 33 min.,Comedy / Drama,R
2017,57,Tyler Perry's Boo 2! A Madea Halloween,LGF,"$47,319,572 ","2,388","$21,226,953 ","2,388",10月20日,12月14日,1 hrs. 41 min.,Comedy,PG-13
2017,58,Snatched,Fox,"$45,852,178 ","3,511","$19,542,248 ","3,501",5月12日,8月3日,1 hrs. 31 min.,Comedy,R
2017,59,The Great Wall,Uni.,"$45,540,830 ","3,328","$18,469,620 ","3,326",2月17日,6月1日,1 hrs. 44 min.,Action,PG-13
2017,60,Smurfs: The Lost Village,Sony,"$45,020,282 ","3,610","$13,210,449 ","3,610",4月7日,8月3日,1 hrs. 21 min.,Animation,PG
2017,61,Going in Style (2017),WB (NL),"$45,018,541 ","3,076","$11,932,330 ","3,061",4月7日,7月13日,1 hrs. 36 min.,Comedy,PG-13
2017,62,All Eyez on Me,LG/S,"$44,922,302 ","2,471","$26,435,354 ","2,471",6月16日,8月3日,2 hrs. 20 min.,Drama,R
2017,63,xXx: The Return of Xander Cage,Par.,"$44,898,413 ","3,651","$20,130,142 ","3,651",1月20日,3月16日,1 hrs. 47 min.,Action / Adventure,PG-13
2017,64,47 Meters Down,ENTMP,"$44,307,192 ","2,471","$11,205,561 ","2,270",6月16日,10月19日,1 hrs. 29 min.,Horror Thriller,PG-13
2017,65,The Big Sick,LGF,"$42,873,127 ","2,597","$421,577 ",5,6月23日,10月22日,2 hrs. 0 min.,Romantic Comedy,R
2017,66,Valerian and the City of a Thousand Planets,STX,"$41,189,488 ","3,553","$17,007,624 ","3,553",7月21日,9月21日,2 hrs. 17 min.,Sci-Fi,PG-13
2017,67,The Star,Sony,"$40,852,824 ","2,976","$9,812,674 ","2,837",11月17日,2月15日,1 hrs. 26 min.,Animation,PG
2017,68,Ghost in the Shell (2017),Par.,"$40,563,557 ","3,440","$18,676,033 ","3,440",3月31日,5月25日,2 hrs. 0 min.,Sci-Fi Action,PG-13
2017,69,King Arthur: Legend of the Sword,WB,"$39,175,066 ","3,702","$15,371,270 ","3,702",5月12日,7月20日,2 hrs. 6 min.,Adventure,PG-13
2017,70,Jigsaw,LGF,"$38,052,832 ","2,941","$16,640,452 ","2,941",10月27日,12月21日,1 hrs. 31 min.,Horror,R
2017,71,American Assassin,LGF,"$36,249,674 ","3,154","$14,846,778 ","3,154",9月15日,11月9日,1 hrs. 51 min.,Action / Adventure,R
2017,72,The Foreigner,STX,"$34,393,507 ","2,515","$13,113,024 ","2,515",10月13日,12月21日,1 hrs. 54 min.,Action Thriller,R
2017,73,"Everything, Everything",WB,"$34,121,140 ","2,801","$11,727,390 ","2,801",5月19日,7月27日,1 hrs. 36 min.,Drama,PG-13
2017,74,Wind River,Wein.,"$33,800,859 ","2,890","$161,558 ",4,8月4日,12月7日,1 hrs. 50 min.,Drama,R
2017,75,Geostorm,WB,"$33,700,160 ","3,246","$13,707,376 ","3,246",10月20日,1月11日,1 hrs. 49 min.,Action,PG-13
2017,76,Monster Trucks,Par.,"$33,370,166 ","3,119","$10,950,705 ","3,119",1月13日,3月16日,1 hrs. 44 min.,Action Comedy,PG
2017,77,Fist Fight,WB (NL),"$32,187,017 ","3,185","$12,201,873 ","3,185",2月17日,4月13日,1 hrs. 31 min.,Comedy,R
2017,78,How to be a Latin Lover,PNT,"$32,149,404 ","1,203","$12,252,439 ","1,118",4月28日,6月22日,1 hrs. 55 min.,Comedy,PG-13
2017,79,Kidnap (2017),Aviron,"$30,718,107 ","2,418","$10,016,323 ","2,378",8月4日,11月16日,1 hrs. 29 min.,Action Thriller,R
2017,80,Underworld: Blood Wars,SGem,"$30,353,973 ","3,070","$13,688,751 ","3,070",1月6日,3月9日,1 hrs. 31 min.,Action Horror,R
2017,81,The Mountain Between Us,Fox,"$30,348,555 ","3,259","$10,551,336 ","3,088",10月6日,12月21日,1 hrs. 43 min.,Drama,PG-13
2017,82,Life (2017),Sony,"$30,234,022 ","3,146","$12,501,936 ","3,146",3月24日,6月1日,1 hrs. 43 min.,Sci-Fi Thriller,R
2017,83,"I, Tonya",Neon,"$30,014,539 ","1,450","$264,155 ",4,12月8日,4月19日,2 hrs. 0 min.,Comedy,R
2017,84,Hostiles,ENTMP,"$29,819,114 ","2,934","$22,849 ",3,12月22日,5月10日,2 hrs. 15 min.,Drama,R
2017,85,Molly's Game,STX,"$28,780,744 ","1,708","$2,349,967 ",271,12月25日,3月8日,2 hrs. 20 min.,Drama,R
2017,86,The Nut Job 2: Nutty by Nature,ORF,"$28,370,522 ","4,003","$8,342,311 ","4,003",8月11日,9月28日,1 hrs. 31 min.,Animation,PG
2017,87,Rings,Par.,"$27,793,018 ","2,931","$13,002,632 ","2,931",2月3日,3月23日,1 hrs. 42 min.,Horror,PG-13
2017,88,Logan Lucky,BST,"$27,780,977 ","3,031","$7,600,036 ","3,031",8月18日,11月9日,1 hrs. 59 min.,Action Comedy,PG-13
2017,89,Home Again,ORF,"$27,020,284 ","3,036","$8,567,881 ","2,940",9月8日,11月9日,1 hrs. 37 min.,Romantic Comedy,PG-13
2017,90,Resident Evil: The Final Chapter,SGem,"$26,830,068 ","3,104","$13,601,682 ","3,104",1月27日,3月30日,1 hrs. 46 min.,Sci-Fi Action,R
2017,91,The House,WB (NL),"$25,584,504 ","3,134","$8,724,795 ","3,134",6月30日,8月31日,1 hrs. 28 min.,Comedy,R
2017,92,All the Money in the World,TriS,"$25,113,707 ","2,123","$5,584,684 ","2,074",12月25日,3月22日,2 hrs. 12 min.,Crime,R
2017,93,Gifted,FoxS,"$24,801,212 ","2,215","$446,380 ",56,4月7日,8月24日,1 hrs. 41 min.,Drama,PG-13
2017,94,Downsizing,Par.,"$24,449,754 ","2,668","$4,954,287 ","2,668",12月22日,2月1日,2 hrs. 15 min.,Comedy / Drama,R
2017,95,The Bye Bye Man,STX,"$22,395,806 ","2,220","$13,501,349 ","2,220",1月13日,2月16日,1 hrs. 36 min.,Horror Thriller,PG-13
2017,96,Victoria and Abdul,Focus,"$22,245,070 ","1,060","$158,845 ",4,9月22日,1月4日,1 hrs. 52 min.,Drama,PG-13
2017,97,Rough Night,Sony,"$22,105,643 ","3,162","$8,004,283 ","3,162",6月16日,8月31日,1 hrs. 41 min.,Comedy / Drama,R
2017,98,My Little Pony: The Movie,LGF,"$21,885,107 ","2,528","$8,885,899 ","2,528",10月6日,-,1 hrs. 39 min.,Animation,PG
2017,99,Leap!,Wein.,"$21,858,070 ","2,705","$4,730,038 ","2,575",8月25日,12月7日,1 hrs. 29 min.,Animation,PG
2017,100,The Disaster Artist,A24,"$21,120,616 ","1,010","$1,211,345 ",19,12月1日,3月8日,1 hrs. 38 min.,Comedy,R